Product ID,Product Name,Category,Price (USD),Image URL
1,Wireless Headphones,Electronics,99.99,https://pisces.bbystatic.com/image2/BestBuy_US/images/products/6296/6296111_rd.jpg
2,Bluetooth Speaker,Electronics,59.99,https://th.bing.com/th/id/OIP.mMXNuQ8OKo3cQdfXWffoeQHaQ1?cb=iwc2&rs=1&pid=ImgDetMain
3,Smart Watch,Electronics,199.99,https://cdn.mos.cms.futurecdn.net/DxpaKaHPBL5yF8vBjh2MjX-1200-80.jpg
4,Yoga Mat,Fitness,29.99,https://th.bing.com/th/id/OIP.aN2beWTGoLivXIBXQ8GfagHaHa?cb=iwc2&rs=1&pid=ImgDetMain
5,Dumbbell Set (10kg),Fitness,49.99,https://th.bing.com/th/id/OIP.1AfMQwcjuf6FTb3SmxjFgAHaIz?cb=iwc2&w=1262&h=1500&rs=1&pid=ImgDetMain
6,Resistance Bands,Fitness,19.99,https://th.bing.com/th/id/OIP.niBeV9aE9sW48OpphGx9mAAAAA?cb=iwc2&rs=1&pid=ImgDetMain
7,PlayStation 5,Gaming,499.99,https://gmedia.playstation.com/is/image/SIEPDC/ps4-product-thumbnail-01-en-14sep21?$facebook$
8,Xbox Series X,Gaming,499.99,https://media.wired.com/photos/5fa5dc3dba670daaf8e97a8d/master/w_2560%2Cc_limit/games_gear_series-x.jpg
9,Gaming Mouse,Gaming,39.99,https://i5.walmartimages.com/asr/2359c3f8-611d-40c4-88ab-49d4695dfd5f.5b26b18ccda9066176d9e3346f969843.jpeg?odnWidth=1000&odnHeight=1000&odnBg=ffffff
10,Mechanical Keyboard,Gaming,89.99,https://th.bing.com/th/id/OIP.JdIhCembDvh94F8CGsErHAHaEk?cb=iwc2&rs=1&pid=ImgDetMain
11,Running Shoes,Sports,79.99,https://th.bing.com/th/id/OIP.PDS9rujrB5zOptfuUEqgaQHaE8?cb=iwc2&rs=1&pid=ImgDetMain
12,Football,Sports,29.99,https://th.bing.com/th/id/OIP.c0NPLUHMibyw9oe0kkxooAHaE8?cb=iwc2&rs=1&pid=ImgDetMain
13,Cycling Helmet,Sports,49.99,https://i5.walmartimages.com/asr/8075dbde-b394-4823-9003-feb51aecb8ba.634ba29011593c513082983522365d45.jpeg
14,Desk Organizer,Office,19.99,https://i5.walmartimages.com/asr/31bfce1f-9384-471e-beba-bc64d0c9885c.f19abd72eda6e3cf02188316cbc98edf.jpeg?odnWidth=1000&odnHeight=1000&odnBg=ffffff
15,Ergonomic Chair,Office,199.99,https://i5.walmartimages.com/asr/56883df4-5d5a-4483-a3f0-25c28b22a100_1.e9041c88d624050a115dae5dbf70160d.jpeg
16,Wireless Mouse,Office,24.99,https://rukminim2.flixcart.com/image/612/612/xif0q/mouse/e/q/m/zeb-cheetah-wireless-mouse-with-1600-dpi-high-accuracy-ergonomic-original-imagmqyqctmhezb5.jpeg?q=70
17,Stainless Steel Water Bottle,Accessories,14.99,https://ik.imagekit.io/2xkwa8s1i/img/npl_modified_images/BottlesNew12/WBTLVXIAFLS1/WBTLVXIAFLS1_LS_1.jpg?tr=w-1200
18,Leather Backpack,Accessories,79.99,https://th.bing.com/th/id/OIP.rH0IfL8YW3PLEI4YnHs7bgHaHa?cb=iwc2&rs=1&pid=ImgDetMain
19,Travel Duffel Bag,Accessories,49.99,https://th.bing.com/th/id/OIP.29vMYXhyfL5dKG7K-vAI1wHaHa?cb=iwc2&rs=1&pid=ImgDetMain
20,Laptop Sleeve,Accessories,29.99,https://m.media-amazon.com/images/I/810EM3ROLbL._AC_SL1500_.jpg
21,Hardcover Notebook,Stationery,12.99,https://m.media-amazon.com/images/I/81ToK+9trvL._AC_.jpg
22,Gel Pen Set,Stationery,9.99,https://i5.walmartimages.com/asr/acab34b7-ab39-43f2-8461-dc3e996773d6_2.1b0115e83373626710c4914e67693ee8.png?odnWidth=1000&odnHeight=1000&odnBg=ffffff
23,Sticky Notes,Stationery,4.99,https://rukminim2.flixcart.com/image/612/612/l08gsy80/post-it/q/x/o/3-3-writing-sticky-notes-300-sheets-suhani-original-imagc2byywykqfky.jpeg?q=70
24,Ceramic Coffee Mug,Kitchen,12.99,https://m.media-amazon.com/images/I/61fH3O+p23L._AC_SL1500_.jpg
25,Insulated Thermos,Kitchen,24.99,https://ae01.alicdn.com/kf/HTB1b_iJRVXXXXbgXXXXq6xXFXXXS/500ml-Stainless-Steel-Double-Wall-Insulated-Thermos-Cup-Vacuum-Flask-Coffee-Mug-Travel-Drink-Bottle-Thermocup.jpg
