user_id,product_id,product_title,category,rating,price,image_url
101,P001,Bluetooth Speaker,Electronics,5,2999,https://th.bing.com/th/id/R.66d9e9b071b25ccdced40caf8ab54522?rik=mz7g2pGQyRNVag&riu=http%3a%2f%2fwww.portronics.com%2fcdn%2fshop%2fproducts%2f1200x1200-1_45e185e6-f357-4b59-9b07-bb108405dd6b_1200x1200.jpg%3fv%3d1666346127&ehk=sxZh0YTCYBtfBOk%2fIW6SImJFNzq50VWnEf3LD555J5I%3d&risl=&pid=ImgRaw&r=0
102,P002,Yoga Mat,Sports,4,999,https://th.bing.com/th/id/OIP.FTMt1HsI6-KAHNdiaMVgvgHaGq?cb=iwp1&rs=1&pid=ImgDetMain
103,P003,Running Shoes,Sports,3,2199,https://couponswala.com/blog/wp-content/uploads/2022/05/81383p8ye2L._UL1500_-1068x561.jpg
104,P004,Laptop Stand,Office,4,1499,https://th.bing.com/th/id/OIP.DOUxXPye-vR6khhqQdbDvwHaG4?cb=iwp1&rs=1&pid=ImgDetMain
105,P005,Wireless Mouse,Electronics,5,799,https://th.bing.com/th/id/OIP.X4CsMjFIcHdx_YyH93sm2gHaHa?cb=iwp1&rs=1&pid=ImgDetMain
101,P006,Water Bottle,Fitness,5,499,https://rukminim2.flixcart.com/image/612/612/xif0q/bottle/u/7/g/2000-motivational-water-bottle-with-time-maker-fitness-sports-original-imagqtz7jypmjnux.jpeg?q=70
102,P007,Desk Lamp,Home,4,1799,https://th.bing.com/th/id/OIP._xGYDslPqdwYLhkxProlcgHaIJ?cb=iwp1&rs=1&pid=ImgDetMain
103,P008,Backpack,Accessories,3,1299,https://img.freepik.com/premium-photo/backpack_878798-2633.jpg?w=2000
104,P009,Smartphone Holder,Electronics,4,699,https://th.bing.com/th/id/R.4b9f4d32818435cb8440ead607ff8cf2?rik=5WxyErvM%2bBpGdQ&riu=http%3a%2f%2fwww.thebignano.com%2fproduct%2fadjustable-cell-phone-stand-lamicall-phone-stand-update-version-cradle-dock-holder-compatible-with-iphone-xs-xr-8-x-7-6-6s-plus-se-5-5s-5c-charging-accessories-desk-android-smartphone-black%2f71v9-OTasfL._SL1500_.jpg&ehk=sFGX2SueG0C%2b6oA2NAwbyUMDk3Ks01wPJumBFK%2fhGos%3d&risl=&pid=ImgRaw&r=0
105,P010,Earphones,Electronics,5,2499,https://techcommerce.in/wp-content/uploads/2023/02/1400x1400-12.jpg
101,P011,Notebook,Stationery,5,199,https://th.bing.com/th/id/OIP.eZeLFyzySr7z90QXqAeMqwHaE8?cb=iwp1&rs=1&pid=ImgDetMain
102,P012,Monitor,Electronics,4,12999,https://i5.walmartimages.com/asr/c0bd88d7-30cf-40d7-a5db-c8f2b6509b53_1.dcd4378cbc9179d30640546e0ea65090.jpeg
103,P013,Keyboard,Electronics,3,1399,https://m.media-amazon.com/images/I/71b14hXFntL._AC_SL1500_.jpg
104,P014,Coffee Mug,Kitchen,4,349,https://th.bing.com/th/id/OIP.LBronDuCR7G6zd-w5Y8eDQHaHa?cb=iwp1&rs=1&pid=ImgDetMain
105,P015,Treadmill,Fitness,5,24999,https://th.bing.com/th/id/OIP.Kl0u6rlIw9cEmVfSQ_CNmwHaHa?cb=iwp1&rs=1&pid=ImgDetMain
101,P016,Sunglasses,Accessories,5,1799,https://th.bing.com/th/id/OIP.nDGAYAtMu7lrjXzU7WsRIwHaEH?cb=iwp1&rs=1&pid=ImgDetMain
102,P017,Camera,Electronics,4,5999,https://th.bing.com/th/id/R.a3fb1f21cbe6f0d29ed9866d9f207b1e?rik=teN%2bFOAMBNkztQ&riu=http%3a%2f%2fwww.bhphotovideo.com%2fimages%2fimages2000x2000%2fCanon_6353b001_PowerShot_SX500_Digital_Camera_886847.jpg&ehk=N%2bGpTXO8ZUR4WUqDScQHW0PMvSSkSvzlHGDTE983Cs0%3d&risl=&pid=ImgRaw&r=0
103,P018,Sneakers,Sports,3,3499,https://encrypted-tbn0.gstatic.com/images?q=tbn:ANd9GcQGifgw1H3zpWyBIxASay784aQ9kpxYe53hcgYuiTQ7E24Tc1WP_Fhz_E4&s=10
104,P019,Gaming Chair,Gaming,4,10999,https://encrypted-tbn0.gstatic.com/images?q=tbn:ANd9GcQUI0r6ZZPv-ksqfjdfjjrQyrWRE1NBuH04xc6BUJr98A&s
105,P020,USB Hub,Electronics,5,799,https://encrypted-tbn0.gstatic.com/images?q=tbn:ANd9GcQYrESrNH7omvoBK8sA8KkafHjz4bJY0hQRK_sdzKw2wA&s
101,P021,Action Camera,Electronics,5,7999,https://encrypted-tbn0.gstatic.com/images?q=tbn:ANd9GcQ25sKbzVy84QlWP5SuEPFd4qXiXqPIlSi_UpYeAepze71NcUG67fCgBbs&s=10
102,P022,Office Chair,Office,4,8499,https://th.bing.com/th/id/OIP.nGFMuv8tF5IWtJawZxN8VQHaHa?w=213&h=213&c=7&r=0&o=7&cb=iwp1&dpr=1.3&pid=1.7&rm=3
